Platform,Free Tier,Entry Price,Pro Price,Enterprise,Pricing Model
PromptPerfect,50 credits,$8.33/month,$99.99/month,Custom,Credit-based
LangChain,Yes,Free,Free,Support available,Open source
LangSmith,Trial,Not disclosed,Not disclosed,Enterprise,SaaS
Agenta,Yes,Free,Free,Support available,Open source
OpenAI Playground,Yes,Pay-per-use,Pay-per-use,API pricing,Usage-based
Promptbase,No,Variable,Variable,Variable,Marketplace
ChainForge,Yes,Free,Free,Free,Open source
Lilypad,Not disclosed,Not disclosed,Not disclosed,Not disclosed,Commercial
Mirascope,Yes,Free,Free,Support available,Open source
Weave,Yes,Free,Commercial,Enterprise,Freemium
Haystack,Yes,Free,Free,Support available,Open source
Promptitude,No,$19/month,$19/month,Custom,Subscription
Dust.tt,Trial,Not disclosed,Not disclosed,Enterprise,Commercial
Wordflow,Yes,Free,Free,Free,Open source
PromptLayer,No,Not disclosed,Not disclosed,Enterprise,Commercial
AI Prompt Optimizer,Yes,Free,Free,Free,Free
Promptmetheus,Yes,$35/month,$35/month,Custom,Subscription
Weavel,No,Custom,Custom,Custom,Custom pricing
